code_site,code_station,grandeur_hydro,date_debut_serie,date_fin_serie,code_systeme_alti_serie,date_obs,resultat_obs,code_methode_obs,libelle_methode_obs,code_qualification_obs,libelle_qualification_obs,longitude,latitude,code_statut,libelle_statut,code_continuite,libelle_continuite
A2360030,A236003001,Q,2026-05-04T06:20:03Z,2026-06-03T05:00:00Z,31,2026-06-02T23:10:00Z,15800.0,10,Expertisée,20,Bonne,7.546574037,48.33701451,12,Pré-validée,0,Continue
A2360030,A236003001,Q,2026-05-04T06:20:03Z,2026-06-03T05:00:00Z,31,2026-06-02T22:30:00Z,15500.0,10,Expertisée,20,Bonne,7.546574037,48.33701451,12,Pré-validée,0,Continue
A2360030,A236003001,Q,2026-05-04T06:20:03Z,2026-06-03T05:00:00Z,31,2026-06-02T22:00:00Z,15200.0,10,Expertisée,20,Bonne,7.546574037,48.33701451,12,Pré-validée,0,Continue
A2360030,A236003001,Q,2026-05-04T06:20:03Z,2026-06-03T05:00:00Z,31,2026-06-02T21:10:00Z,15000.0,10,Expertisée,20,Bonne,7.546574037,48.33701451,12,Pré-validée,0,Continue
A2360030,A236003001,Q,2026-05-04T06:20:03Z,2026-06-03T05:00:00Z,31,2026-06-02T20:30:00Z,14600.0,10,Expertisée,20,Bonne,7.546574037,48.33701451,12,Pré-validée,0,Continue
A2360030,A236003001,Q,2026-05-04T06:20:03Z,2026-06-03T05:00:00Z,31,2026-06-02T19:20:00Z,14300.0,10,Expertisée,20,Bonne,7.546574037,48.33701451,12,Pré-validée,0,Continue
A2360030,A236003001,Q,2026-05-04T06:20:03Z,2026-06-03T05:00:00Z,31,2026-06-02T17:30:00Z,14100.0,10,Expertisée,20,Bonne,7.546574037,48.33701451,12,Pré-validée,0,Continue
A2360030,A236003001,Q,2026-05-04T06:20:03Z,2026-06-03T05:00:00Z,31,2026-06-02T14:20:00Z,14400.0,10,Expertisée,20,Bonne,7.546574037,48.33701451,12,Pré-validée,0,Continue
A2360030,A236003001,Q,2026-05-04T06:20:03Z,2026-06-03T05:00:00Z,31,2026-06-02T13:50:00Z,14100.0,10,Expertisée,20,Bonne,7.546574037,48.33701451,12,Pré-validée,0,Continue
A2360030,A236003001,Q,2026-05-04T06:20:03Z,2026-06-03T05:00:00Z,31,2026-06-02T13:20:00Z,14000.0,10,Expertisée,20,Bonne,7.546574037,48.33701451,12,Pré-validée,0,Continue
A2360030,A236003001,Q,2026-05-04T06:20:03Z,2026-06-03T05:00:00Z,31,2026-06-02T12:50:00Z,13500.0,10,Expertisée,20,Bonne,7.546574037,48.33701451,12,Pré-validée,0,Continue
A2360030,A236003001,Q,2026-05-04T06:20:03Z,2026-06-03T05:00:00Z,31,2026-06-02T11:50:00Z,13500.0,10,Expertisée,20,Bonne,7.546574037,48.33701451,12,Pré-validée,0,Continue
A2360030,A236003001,Q,2026-05-04T06:20:03Z,2026-06-03T05:00:00Z,31,2026-06-02T10:40:00Z,12800.0,10,Expertisée,20,Bonne,7.546574037,48.33701451,12,Pré-validée,0,Continue
A2360030,A236003001,Q,2026-05-04T06:20:03Z,2026-06-03T05:00:00Z,31,2026-06-02T07:00:00Z,12800.0,10,Expertisée,20,Bonne,7.546574037,48.33701451,12,Pré-validée,0,Continue
A2360030,A236003001,Q,2026-05-04T06:20:03Z,2026-06-03T05:00:00Z,31,2026-06-02T05:20:00Z,12600.0,10,Expertisée,20,Bonne,7.546574037,48.33701451,12,Pré-validée,0,Continue
A2360030,A236003001,Q,2026-05-04T06:20:03Z,2026-06-03T05:00:00Z,31,2026-06-01T22:00:00Z,12600.0,10,Expertisée,20,Bonne,7.546574037,48.33701451,12,Pré-validée,0,Continue
A2360030,A236003001,Q,2026-05-04T06:20:03Z,2026-06-03T05:00:00Z,31,2026-06-01T20:50:00Z,12800.0,10,Expertisée,20,Bonne,7.546574037,48.33701451,12,Pré-validée,0,Continue
A2360030,A236003001,Q,2026-05-04T06:20:03Z,2026-06-03T05:00:00Z,31,2026-06-01T18:30:00Z,12800.0,10,Expertisée,20,Bonne,7.546574037,48.33701451,12,Pré-validée,0,Continue
A2360030,A236003001,Q,2026-05-04T06:20:03Z,2026-06-03T05:00:00Z,31,2026-06-01T17:30:00Z,13100.0,10,Expertisée,20,Bonne,7.546574037,48.33701451,12,Pré-validée,0,Continue
A2360030,A236003001,Q,2026-05-04T06:20:03Z,2026-06-03T05:00:00Z,31,2026-06-01T15:20:00Z,13200.0,10,Expertisée,20,Bonne,7.546574037,48.33701451,12,Pré-validée,0,Continue
A2360030,A236003001,Q,2026-05-04T06:20:03Z,2026-06-03T05:00:00Z,31,2026-06-01T13:50:00Z,13500.0,10,Expertisée,20,Bonne,7.546574037,48.33701451,12,Pré-validée,0,Continue
A2360030,A236003001,Q,2026-05-04T06:20:03Z,2026-06-03T05:00:00Z,31,2026-06-01T10:20:00Z,13900.0,10,Expertisée,20,Bonne,7.546574037,48.33701451,12,Pré-validée,0,Continue
A2360030,A236003001,Q,2026-05-04T06:20:03Z,2026-06-03T05:00:00Z,31,2026-06-01T09:30:00Z,13700.0,10,Expertisée,20,Bonne,7.546574037,48.33701451,12,Pré-validée,0,Continue
A2360030,A236003001,Q,2026-05-04T06:20:03Z,2026-06-03T05:00:00Z,31,2026-06-01T08:10:00Z,13700.0,10,Expertisée,20,Bonne,7.546574037,48.33701451,12,Pré-validée,0,Continue
A2360030,A236003001,Q,2026-05-04T06:20:03Z,2026-06-03T05:00:00Z,31,2026-06-01T07:40:00Z,13400.0,10,Expertisée,20,Bonne,7.546574037,48.33701451,12,Pré-validée,0,Continue
A2360030,A236003001,Q,2026-05-04T06:20:03Z,2026-06-03T05:00:00Z,31,2026-06-01T06:00:00Z,13000.0,10,Expertisée,20,Bonne,7.546574037,48.33701451,12,Pré-validée,0,Continue
A2360030,A236003001,Q,2026-05-04T06:20:03Z,2026-06-03T05:00:00Z,31,2026-06-01T03:40:00Z,12900.0,10,Expertisée,20,Bonne,7.546574037,48.33701451,12,Pré-validée,0,Continue
A2360030,A236003001,Q,2026-05-04T06:20:03Z,2026-06-03T05:00:00Z,31,2026-05-31T17:30:00Z,12200.0,10,Expertisée,12,Douteuse,7.546574037,48.33701451,12,Pré-validée,0,Continue
A2360030,A236003001,Q,2026-05-04T06:20:03Z,2026-06-03T05:00:00Z,31,2026-05-31T11:30:00Z,12000.0,10,Expertisée,12,Douteuse,7.546574037,48.33701451,12,Pré-validée,0,Continue
A2360030,A236003001,Q,2026-05-04T06:20:03Z,2026-06-03T05:00:00Z,31,2026-05-31T11:10:00Z,11900.0,10,Expertisée,12,Douteuse,7.546574037,48.33701451,12,Pré-validée,0,Continue
A2360030,A236003001,Q,2026-05-04T06:20:03Z,2026-06-03T05:00:00Z,31,2026-05-31T10:20:00Z,12200.0,10,Expertisée,12,Douteuse,7.546574037,48.33701451,12,Pré-validée,0,Continue
A2360030,A236003001,Q,2026-05-04T06:20:03Z,2026-06-03T05:00:00Z,31,2026-05-31T07:40:00Z,12200.0,10,Expertisée,12,Douteuse,7.546574037,48.33701451,12,Pré-validée,0,Continue
A2360030,A236003001,Q,2026-05-04T06:20:03Z,2026-06-03T05:00:00Z,31,2026-05-31T05:40:00Z,12600.0,10,Expertisée,20,Bonne,7.546574037,48.33701451,12,Pré-validée,0,Continue
A2360030,A236003001,Q,2026-05-04T06:20:03Z,2026-06-03T05:00:00Z,31,2026-05-31T01:00:00Z,12700.0,10,Expertisée,20,Bonne,7.546574037,48.33701451,12,Pré-validée,0,Continue
A2360030,A236003001,Q,2026-05-04T06:20:03Z,2026-06-03T05:00:00Z,31,2026-05-30T23:00:00Z,12300.0,10,Expertisée,20,Bonne,7.546574037,48.33701451,12,Pré-validée,0,Continue
A2360030,A236003001,Q,2026-05-04T06:20:03Z,2026-06-03T05:00:00Z,31,2026-05-30T21:40:00Z,11700.0,10,Expertisée,12,Douteuse,7.546574037,48.33701451,12,Pré-validée,0,Continue
A2360030,A236003001,Q,2026-05-04T06:20:03Z,2026-06-03T05:00:00Z,31,2026-05-30T19:50:00Z,11500.0,10,Expertisée,12,Douteuse,7.546574037,48.33701451,12,Pré-validée,0,Continue
A2360030,A236003001,Q,2026-05-04T06:20:03Z,2026-06-03T05:00:00Z,31,2026-05-30T18:50:00Z,11700.0,10,Expertisée,12,Douteuse,7.546574037,48.33701451,12,Pré-validée,0,Continue
A2360030,A236003001,Q,2026-05-04T06:20:03Z,2026-06-03T05:00:00Z,31,2026-05-30T17:50:00Z,12000.0,10,Expertisée,12,Douteuse,7.546574037,48.33701451,12,Pré-validée,0,Continue
A2360030,A236003001,Q,2026-05-04T06:20:03Z,2026-06-03T05:00:00Z,31,2026-05-30T16:30:00Z,12300.0,10,Expertisée,20,Bonne,7.546574037,48.33701451,12,Pré-validée,0,Continue
A2360030,A236003001,Q,2026-05-04T06:20:03Z,2026-06-03T05:00:00Z,31,2026-05-30T12:00:00Z,12400.0,10,Expertisée,20,Bonne,7.546574037,48.33701451,12,Pré-validée,0,Continue
A2360030,A236003001,Q,2026-05-04T06:20:03Z,2026-06-03T05:00:00Z,31,2026-05-30T02:40:00Z,12400.0,10,Expertisée,20,Bonne,7.546574037,48.33701451,12,Pré-validée,0,Continue
A2360030,A236003001,Q,2026-05-04T06:20:03Z,2026-06-03T05:00:00Z,31,2026-05-29T18:40:00Z,12300.0,10,Expertisée,20,Bonne,7.546574037,48.33701451,12,Pré-validée,0,Continue
A2360030,A236003001,Q,2026-05-04T06:20:03Z,2026-06-03T05:00:00Z,31,2026-05-29T17:40:00Z,12300.0,10,Expertisée,20,Bonne,7.546574037,48.33701451,12,Pré-validée,0,Continue
A2360030,A236003001,Q,2026-05-04T06:20:03Z,2026-06-03T05:00:00Z,31,2026-05-29T16:30:00Z,12100.0,10,Expertisée,12,Douteuse,7.546574037,48.33701451,12,Pré-validée,0,Continue
A2360030,A236003001,Q,2026-05-04T06:20:03Z,2026-06-03T05:00:00Z,31,2026-05-29T15:50:00Z,12100.0,10,Expertisée,12,Douteuse,7.546574037,48.33701451,12,Pré-validée,0,Continue
A2360030,A236003001,Q,2026-05-04T06:20:03Z,2026-06-03T05:00:00Z,31,2026-05-29T13:30:00Z,12100.0,10,Expertisée,12,Douteuse,7.546574037,48.33701451,12,Pré-validée,0,Continue
A2360030,A236003001,Q,2026-05-04T06:20:03Z,2026-06-03T05:00:00Z,31,2026-05-29T10:30:00Z,12400.0,10,Expertisée,20,Bonne,7.546574037,48.33701451,12,Pré-validée,0,Continue
A2360030,A236003001,Q,2026-05-04T06:20:03Z,2026-06-03T05:00:00Z,31,2026-05-29T09:20:00Z,12700.0,10,Expertisée,20,Bonne,7.546574037,48.33701451,12,Pré-validée,0,Continue
A2360030,A236003001,Q,2026-05-04T06:20:03Z,2026-06-03T05:00:00Z,31,2026-05-29T05:30:00Z,12800.0,10,Expertisée,20,Bonne,7.546574037,48.33701451,12,Pré-validée,0,Continue
A2360030,A236003001,Q,2026-05-04T06:20:03Z,2026-06-03T05:00:00Z,31,2026-05-28T22:50:00Z,12800.0,10,Expertisée,20,Bonne,7.546574037,48.33701451,12,Pré-validée,0,Continue
A2360030,A236003001,Q,2026-05-04T06:20:03Z,2026-06-03T05:00:00Z,31,2026-05-28T20:50:00Z,12100.0,10,Expertisée,12,Douteuse,7.546574037,48.33701451,12,Pré-validée,0,Continue
A2360030,A236003001,Q,2026-05-04T06:20:03Z,2026-06-03T05:00:00Z,31,2026-05-28T16:40:00Z,12000.0,10,Expertisée,12,Douteuse,7.546574037,48.33701451,12,Pré-validée,0,Continue
A2360030,A236003001,Q,2026-05-04T06:20:03Z,2026-06-03T05:00:00Z,31,2026-05-28T12:10:00Z,12300.0,10,Expertisée,20,Bonne,7.546574037,48.33701451,12,Pré-validée,0,Continue
A2360030,A236003001,Q,2026-05-04T06:20:03Z,2026-06-03T05:00:00Z,31,2026-05-28T11:10:00Z,12900.0,10,Expertisée,20,Bonne,7.546574037,48.33701451,12,Pré-validée,0,Continue
A2360030,A236003001,Q,2026-05-04T06:20:03Z,2026-06-03T05:00:00Z,31,2026-05-28T10:00:00Z,12600.0,10,Expertisée,20,Bonne,7.546574037,48.33701451,12,Pré-validée,0,Continue
A2360030,A236003001,Q,2026-05-04T06:20:03Z,2026-06-03T05:00:00Z,31,2026-05-28T05:30:00Z,12700.0,10,Expertisée,20,Bonne,7.546574037,48.33701451,12,Pré-validée,0,Continue
A2360030,A236003001,Q,2026-05-04T06:20:03Z,2026-06-03T05:00:00Z,31,2026-05-28T02:00:00Z,12600.0,10,Expertisée,20,Bonne,7.546574037,48.33701451,12,Pré-validée,0,Continue
A2360030,A236003001,Q,2026-05-04T06:20:03Z,2026-06-03T05:00:00Z,31,2026-05-27T23:00:00Z,12400.0,10,Expertisée,20,Bonne,7.546574037,48.33701451,12,Pré-validée,0,Continue
A2360030,A236003001,Q,2026-05-04T06:20:03Z,2026-06-03T05:00:00Z,31,2026-05-27T21:50:00Z,12400.0,10,Expertisée,20,Bonne,7.546574037,48.33701451,12,Pré-validée,0,Continue
A2360030,A236003001,Q,2026-05-04T06:20:03Z,2026-06-03T05:00:00Z,31,2026-05-27T17:30:00Z,12100.0,10,Expertisée,12,Douteuse,7.546574037,48.33701451,12,Pré-validée,0,Continue
A2360030,A236003001,Q,2026-05-04T06:20:03Z,2026-06-03T05:00:00Z,31,2026-05-27T15:40:00Z,11600.0,10,Expertisée,12,Douteuse,7.546574037,48.33701451,12,Pré-validée,0,Continue
A2360030,A236003001,Q,2026-05-04T06:20:03Z,2026-06-03T05:00:00Z,31,2026-05-27T13:40:00Z,11400.0,10,Expertisée,12,Douteuse,7.546574037,48.33701451,12,Pré-validée,0,Continue
A2360030,A236003001,Q,2026-05-04T06:20:03Z,2026-06-03T05:00:00Z,31,2026-05-27T04:30:00Z,11700.0,10,Expertisée,12,Douteuse,7.546574037,48.33701451,12,Pré-validée,0,Continue
A2360030,A236003001,Q,2026-05-04T06:20:03Z,2026-06-03T05:00:00Z,31,2026-05-27T00:30:00Z,11500.0,10,Expertisée,12,Douteuse,7.546574037,48.33701451,12,Pré-validée,0,Continue
A2360030,A236003001,Q,2026-05-04T06:20:03Z,2026-06-03T05:00:00Z,31,2026-05-26T23:00:00Z,11400.0,10,Expertisée,12,Douteuse,7.546574037,48.33701451,12,Pré-validée,0,Continue
A2360030,A236003001,Q,2026-05-04T06:20:03Z,2026-06-03T05:00:00Z,31,2026-05-26T18:40:00Z,11400.0,10,Expertisée,12,Douteuse,7.546574037,48.33701451,12,Pré-validée,0,Continue
A2360030,A236003001,Q,2026-05-04T06:20:03Z,2026-06-03T05:00:00Z,31,2026-05-26T16:20:00Z,11500.0,10,Expertisée,12,Douteuse,7.546574037,48.33701451,12,Pré-validée,0,Continue
A2360030,A236003001,Q,2026-05-04T06:20:03Z,2026-06-03T05:00:00Z,31,2026-05-26T15:30:00Z,11600.0,10,Expertisée,12,Douteuse,7.546574037,48.33701451,12,Pré-validée,0,Continue
A2360030,A236003001,Q,2026-05-04T06:20:03Z,2026-06-03T05:00:00Z,31,2026-05-26T14:50:00Z,12100.0,10,Expertisée,12,Douteuse,7.546574037,48.33701451,12,Pré-validée,0,Continue
A2360030,A236003001,Q,2026-05-04T06:20:03Z,2026-06-03T05:00:00Z,31,2026-05-26T14:30:00Z,12100.0,10,Expertisée,12,Douteuse,7.546574037,48.33701451,12,Pré-validée,0,Continue
A2360030,A236003001,Q,2026-05-04T06:20:03Z,2026-06-03T05:00:00Z,31,2026-05-26T14:00:00Z,12000.0,10,Expertisée,12,Douteuse,7.546574037,48.33701451,12,Pré-validée,0,Continue
A2360030,A236003001,Q,2026-05-04T06:20:03Z,2026-06-03T05:00:00Z,31,2026-05-26T13:30:00Z,11700.0,10,Expertisée,12,Douteuse,7.546574037,48.33701451,12,Pré-validée,0,Continue
A2360030,A236003001,Q,2026-05-04T06:20:03Z,2026-06-03T05:00:00Z,31,2026-05-26T12:20:00Z,11600.0,10,Expertisée,12,Douteuse,7.546574037,48.33701451,12,Pré-validée,0,Continue
A2360030,A236003001,Q,2026-05-04T06:20:03Z,2026-06-03T05:00:00Z,31,2026-05-26T11:40:00Z,11200.0,10,Expertisée,12,Douteuse,7.546574037,48.33701451,12,Pré-validée,0,Continue
A2360030,A236003001,Q,2026-05-04T06:20:03Z,2026-06-03T05:00:00Z,31,2026-05-26T11:20:00Z,11300.0,10,Expertisée,12,Douteuse,7.546574037,48.33701451,12,Pré-validée,0,Continue
A2360030,A236003001,Q,2026-05-04T06:20:03Z,2026-06-03T05:00:00Z,31,2026-05-26T10:50:00Z,11900.0,10,Expertisée,12,Douteuse,7.546574037,48.33701451,12,Pré-validée,0,Continue
A2360030,A236003001,Q,2026-05-04T06:20:03Z,2026-06-03T05:00:00Z,31,2026-05-26T10:20:00Z,12000.0,10,Expertisée,12,Douteuse,7.546574037,48.33701451,12,Pré-validée,0,Continue
A2360030,A236003001,Q,2026-05-04T06:20:03Z,2026-06-03T05:00:00Z,31,2026-05-26T05:00:00Z,12300.0,10,Expertisée,20,Bonne,7.546574037,48.33701451,12,Pré-validée,0,Continue
A2360030,A236003001,Q,2026-05-04T06:20:03Z,2026-06-03T05:00:00Z,31,2026-05-25T23:20:00Z,12300.0,10,Expertisée,20,Bonne,7.546574037,48.33701451,12,Pré-validée,0,Continue
A2360030,A236003001,Q,2026-05-04T06:20:03Z,2026-06-03T05:00:00Z,31,2026-05-25T22:00:00Z,12300.0,10,Expertisée,20,Bonne,7.546574037,48.33701451,12,Pré-validée,0,Continue
A2360030,A236003001,Q,2026-05-04T06:20:03Z,2026-06-03T05:00:00Z,31,2026-05-25T20:20:00Z,12000.0,10,Expertisée,12,Douteuse,7.546574037,48.33701451,12,Pré-validée,0,Continue
A2360030,A236003001,Q,2026-05-04T06:20:03Z,2026-06-03T05:00:00Z,31,2026-05-25T15:10:00Z,12100.0,10,Expertisée,12,Douteuse,7.546574037,48.33701451,12,Pré-validée,0,Continue
A2360030,A236003001,Q,2026-05-04T06:20:03Z,2026-06-03T05:00:00Z,31,2026-05-25T14:20:00Z,12000.0,10,Expertisée,12,Douteuse,7.546574037,48.33701451,12,Pré-validée,0,Continue
A2360030,A236003001,Q,2026-05-04T06:20:03Z,2026-06-03T05:00:00Z,31,2026-05-25T13:30:00Z,11800.0,10,Expertisée,12,Douteuse,7.546574037,48.33701451,12,Pré-validée,0,Continue
A2360030,A236003001,Q,2026-05-04T06:20:03Z,2026-06-03T05:00:00Z,31,2026-05-25T12:30:00Z,11800.0,10,Expertisée,12,Douteuse,7.546574037,48.33701451,12,Pré-validée,0,Continue
A2360030,A236003001,Q,2026-05-04T06:20:03Z,2026-06-03T05:00:00Z,31,2026-05-25T12:00:00Z,11600.0,10,Expertisée,12,Douteuse,7.546574037,48.33701451,12,Pré-validée,0,Continue
A2360030,A236003001,Q,2026-05-04T06:20:03Z,2026-06-03T05:00:00Z,31,2026-05-25T11:20:00Z,11200.0,10,Expertisée,12,Douteuse,7.546574037,48.33701451,12,Pré-validée,0,Continue
A2360030,A236003001,Q,2026-05-04T06:20:03Z,2026-06-03T05:00:00Z,31,2026-05-25T10:50:00Z,11000.0,10,Expertisée,12,Douteuse,7.546574037,48.33701451,12,Pré-validée,0,Continue
A2360030,A236003001,Q,2026-05-04T06:20:03Z,2026-06-03T05:00:00Z,31,2026-05-25T10:10:00Z,11100.0,10,Expertisée,12,Douteuse,7.546574037,48.33701451,12,Pré-validée,0,Continue
A2360030,A236003001,Q,2026-05-04T06:20:03Z,2026-06-03T05:00:00Z,31,2026-05-25T09:20:00Z,11800.0,10,Expertisée,12,Douteuse,7.546574037,48.33701451,12,Pré-validée,0,Continue
A2360030,A236003001,Q,2026-05-04T06:20:03Z,2026-06-03T05:00:00Z,31,2026-05-25T09:00:00Z,11700.0,10,Expertisée,12,Douteuse,7.546574037,48.33701451,12,Pré-validée,0,Continue
A2360030,A236003001,Q,2026-05-04T06:20:03Z,2026-06-03T05:00:00Z,31,2026-05-25T07:50:00Z,10900.0,10,Expertisée,12,Douteuse,7.546574037,48.33701451,12,Pré-validée,0,Continue
A2360030,A236003001,Q,2026-05-04T06:20:03Z,2026-06-03T05:00:00Z,31,2026-05-25T06:40:00Z,10700.0,10,Expertisée,12,Douteuse,7.546574037,48.33701451,12,Pré-validée,0,Continue
A2360030,A236003001,Q,2026-05-04T06:20:03Z,2026-06-03T05:00:00Z,31,2026-05-25T01:30:00Z,10700.0,10,Expertisée,12,Douteuse,7.546574037,48.33701451,12,Pré-validée,0,Continue
A2360030,A236003001,Q,2026-05-04T06:20:03Z,2026-06-03T05:00:00Z,31,2026-05-25T00:00:00Z,10500.0,10,Expertisée,12,Douteuse,7.546574037,48.33701451,12,Pré-validée,0,Continue
A2360030,A236003001,Q,2026-05-04T06:20:03Z,2026-06-03T05:00:00Z,31,2026-05-24T23:20:00Z,10200.0,10,Expertisée,12,Douteuse,7.546574037,48.33701451,12,Pré-validée,0,Continue
A2360030,A236003001,Q,2026-05-04T06:20:03Z,2026-06-03T05:00:00Z,31,2026-05-24T19:00:00Z,10100.0,10,Expertisée,12,Douteuse,7.546574037,48.33701451,12,Pré-validée,0,Continue
A2360030,A236003001,Q,2026-05-04T06:20:03Z,2026-06-03T05:00:00Z,31,2026-05-24T13:40:00Z,10400.0,10,Expertisée,12,Douteuse,7.546574037,48.33701451,12,Pré-validée,0,Continue
A2360030,A236003001,Q,2026-05-04T06:20:03Z,2026-06-03T05:00:00Z,31,2026-05-24T11:00:00Z,10800.0,10,Expertisée,12,Douteuse,7.546574037,48.33701451,12,Pré-validée,0,Continue
A2360030,A236003001,Q,2026-05-04T06:20:03Z,2026-06-03T05:00:00Z,31,2026-05-24T08:10:00Z,10900.0,10,Expertisée,12,Douteuse,7.546574037,48.33701451,12,Pré-validée,0,Continue
A2360030,A236003001,Q,2026-05-04T06:20:03Z,2026-06-03T05:00:00Z,31,2026-05-24T05:50:00Z,11000.0,10,Expertisée,12,Douteuse,7.546574037,48.33701451,12,Pré-validée,0,Continue
A2360030,A236003001,Q,2026-05-04T06:20:03Z,2026-06-03T05:00:00Z,31,2026-05-24T02:20:00Z,10900.0,10,Expertisée,12,Douteuse,7.546574037,48.33701451,12,Pré-validée,0,Continue
A2360030,A236003001,Q,2026-05-04T06:20:03Z,2026-06-03T05:00:00Z,31,2026-05-24T01:10:00Z,10900.0,10,Expertisée,12,Douteuse,7.546574037,48.33701451,12,Pré-validée,0,Continue
A2360030,A236003001,Q,2026-05-04T06:20:03Z,2026-06-03T05:00:00Z,31,2026-05-23T23:30:00Z,11200.0,10,Expertisée,12,Douteuse,7.546574037,48.33701451,12,Pré-validée,0,Continue
A2360030,A236003001,Q,2026-05-04T06:20:03Z,2026-06-03T05:00:00Z,31,2026-05-23T22:50:00Z,11500.0,10,Expertisée,12,Douteuse,7.546574037,48.33701451,12,Pré-validée,0,Continue
A2360030,A236003001,Q,2026-05-04T06:20:03Z,2026-06-03T05:00:00Z,31,2026-05-23T22:10:00Z,11600.0,10,Expertisée,12,Douteuse,7.546574037,48.33701451,12,Pré-validée,0,Continue
A2360030,A236003001,Q,2026-05-04T06:20:03Z,2026-06-03T05:00:00Z,31,2026-05-23T18:40:00Z,11900.0,10,Expertisée,12,Douteuse,7.546574037,48.33701451,12,Pré-validée,0,Continue
A2360030,A236003001,Q,2026-05-04T06:20:03Z,2026-06-03T05:00:00Z,31,2026-05-23T16:10:00Z,12400.0,10,Expertisée,20,Bonne,7.546574037,48.33701451,12,Pré-validée,0,Continue
A2360030,A236003001,Q,2026-05-04T06:20:03Z,2026-06-03T05:00:00Z,31,2026-05-23T15:20:00Z,12400.0,10,Expertisée,20,Bonne,7.546574037,48.33701451,12,Pré-validée,0,Continue
A2360030,A236003001,Q,2026-05-04T06:20:03Z,2026-06-03T05:00:00Z,31,2026-05-23T15:10:00Z,12100.0,10,Expertisée,12,Douteuse,7.546574037,48.33701451,12,Pré-validée,0,Continue
A2360030,A236003001,Q,2026-05-04T06:20:03Z,2026-06-03T05:00:00Z,31,2026-05-23T14:50:00Z,11300.0,10,Expertisée,12,Douteuse,7.546574037,48.33701451,12,Pré-validée,0,Continue
A2360030,A236003001,Q,2026-05-04T06:20:03Z,2026-06-03T05:00:00Z,31,2026-05-23T14:40:00Z,10900.0,10,Expertisée,12,Douteuse,7.546574037,48.33701451,12,Pré-validée,0,Continue
A2360030,A236003001,Q,2026-05-04T06:20:03Z,2026-06-03T05:00:00Z,31,2026-05-23T14:30:00Z,10800.0,10,Expertisée,12,Douteuse,7.546574037,48.33701451,12,Pré-validée,0,Continue
A2360030,A236003001,Q,2026-05-04T06:20:03Z,2026-06-03T05:00:00Z,31,2026-05-23T13:00:00Z,10800.0,10,Expertisée,12,Douteuse,7.546574037,48.33701451,12,Pré-validée,0,Continue
A2360030,A236003001,Q,2026-05-04T06:20:03Z,2026-06-03T05:00:00Z,31,2026-05-23T12:20:00Z,10900.0,10,Expertisée,12,Douteuse,7.546574037,48.33701451,12,Pré-validée,0,Continue
A2360030,A236003001,Q,2026-05-04T06:20:03Z,2026-06-03T05:00:00Z,31,2026-05-23T11:10:00Z,11000.0,10,Expertisée,12,Douteuse,7.546574037,48.33701451,12,Pré-validée,0,Continue
A2360030,A236003001,Q,2026-05-04T06:20:03Z,2026-06-03T05:00:00Z,31,2026-05-23T09:10:00Z,10900.0,10,Expertisée,12,Douteuse,7.546574037,48.33701451,12,Pré-validée,0,Continue
A2360030,A236003001,Q,2026-05-04T06:20:03Z,2026-06-03T05:00:00Z,31,2026-05-23T06:40:00Z,11300.0,10,Expertisée,12,Douteuse,7.546574037,48.33701451,12,Pré-validée,0,Continue
A2360030,A236003001,Q,2026-05-04T06:20:03Z,2026-06-03T05:00:00Z,31,2026-05-23T04:40:00Z,11300.0,10,Expertisée,12,Douteuse,7.546574037,48.33701451,12,Pré-validée,0,Continue
A2360030,A236003001,Q,2026-05-04T06:20:03Z,2026-06-03T05:00:00Z,31,2026-05-22T21:20:00Z,12600.0,10,Expertisée,20,Bonne,7.546574037,48.33701451,12,Pré-validée,0,Continue
A2360030,A236003001,Q,2026-05-04T06:20:03Z,2026-06-03T05:00:00Z,31,2026-05-22T19:10:00Z,13100.0,10,Expertisée,20,Bonne,7.546574037,48.33701451,12,Pré-validée,0,Continue
A2360030,A236003001,Q,2026-05-04T06:20:03Z,2026-06-03T05:00:00Z,31,2026-05-22T18:10:00Z,13600.0,10,Expertisée,20,Bonne,7.546574037,48.33701451,12,Pré-validée,0,Continue
A2360030,A236003001,Q,2026-05-04T06:20:03Z,2026-06-03T05:00:00Z,31,2026-05-22T17:10:00Z,14200.0,10,Expertisée,20,Bonne,7.546574037,48.33701451,12,Pré-validée,0,Continue
A2360030,A236003001,Q,2026-05-04T06:20:03Z,2026-06-03T05:00:00Z,31,2026-05-22T16:40:00Z,13900.0,10,Expertisée,20,Bonne,7.546574037,48.33701451,12,Pré-validée,0,Continue
A2360030,A236003001,Q,2026-05-04T06:20:03Z,2026-06-03T05:00:00Z,31,2026-05-22T15:20:00Z,13800.0,10,Expertisée,20,Bonne,7.546574037,48.33701451,12,Pré-validée,0,Continue
A2360030,A236003001,Q,2026-05-04T06:20:03Z,2026-06-03T05:00:00Z,31,2026-05-22T13:00:00Z,14200.0,10,Expertisée,20,Bonne,7.546574037,48.33701451,12,Pré-validée,0,Continue
A2360030,A236003001,Q,2026-05-04T06:20:03Z,2026-06-03T05:00:00Z,31,2026-05-22T10:10:00Z,13900.0,10,Expertisée,20,Bonne,7.546574037,48.33701451,12,Pré-validée,0,Continue
A2360030,A236003001,Q,2026-05-04T06:20:03Z,2026-06-03T05:00:00Z,31,2026-05-22T08:40:00Z,14400.0,10,Expertisée,20,Bonne,7.546574037,48.33701451,12,Pré-validée,0,Continue
A2360030,A236003001,Q,2026-05-04T06:20:03Z,2026-06-03T05:00:00Z,31,2026-05-22T08:10:00Z,14700.0,10,Expertisée,20,Bonne,7.546574037,48.33701451,12,Pré-validée,0,Continue
A2360030,A236003001,Q,2026-05-04T06:20:03Z,2026-06-03T05:00:00Z,31,2026-05-22T07:20:00Z,14900.0,10,Expertisée,20,Bonne,7.546574037,48.33701451,12,Pré-validée,0,Continue
A2360030,A236003001,Q,2026-05-04T06:20:03Z,2026-06-03T05:00:00Z,31,2026-05-22T05:40:00Z,15100.0,10,Expertisée,20,Bonne,7.546574037,48.33701451,12,Pré-validée,0,Continue
A2360030,A236003001,Q,2026-05-04T06:20:03Z,2026-06-03T05:00:00Z,31,2026-05-22T04:00:00Z,15100.0,10,Expertisée,20,Bonne,7.546574037,48.33701451,12,Pré-validée,0,Continue
A2360030,A236003001,Q,2026-05-04T06:20:03Z,2026-06-03T05:00:00Z,31,2026-05-22T02:30:00Z,14700.0,10,Expertisée,20,Bonne,7.546574037,48.33701451,12,Pré-validée,0,Continue
A2360030,A236003001,Q,2026-05-04T06:20:03Z,2026-06-03T05:00:00Z,31,2026-05-22T00:00:00Z,14400.0,10,Expertisée,20,Bonne,7.546574037,48.33701451,12,Pré-validée,0,Continue
A2360030,A236003001,Q,2026-05-04T06:20:03Z,2026-06-03T05:00:00Z,31,2026-05-21T21:10:00Z,14100.0,10,Expertisée,20,Bonne,7.546574037,48.33701451,12,Pré-validée,0,Continue
A2360030,A236003001,Q,2026-05-04T06:20:03Z,2026-06-03T05:00:00Z,31,2026-05-21T18:10:00Z,14500.0,10,Expertisée,20,Bonne,7.546574037,48.33701451,12,Pré-validée,0,Continue
A2360030,A236003001,Q,2026-05-04T06:20:03Z,2026-06-03T05:00:00Z,31,2026-05-21T17:00:00Z,15000.0,10,Expertisée,20,Bonne,7.546574037,48.33701451,12,Pré-validée,0,Continue
A2360030,A236003001,Q,2026-05-04T06:20:03Z,2026-06-03T05:00:00Z,31,2026-05-21T15:40:00Z,14800.0,10,Expertisée,20,Bonne,7.546574037,48.33701451,12,Pré-validée,0,Continue
A2360030,A236003001,Q,2026-05-04T06:20:03Z,2026-06-03T05:00:00Z,31,2026-05-21T15:20:00Z,15000.0,10,Expertisée,20,Bonne,7.546574037,48.33701451,12,Pré-validée,0,Continue
A2360030,A236003001,Q,2026-05-04T06:20:03Z,2026-06-03T05:00:00Z,31,2026-05-21T14:50:00Z,15000.0,10,Expertisée,20,Bonne,7.546574037,48.33701451,12,Pré-validée,0,Continue
A2360030,A236003001,Q,2026-05-04T06:20:03Z,2026-06-03T05:00:00Z,31,2026-05-21T14:00:00Z,15200.0,10,Expertisée,20,Bonne,7.546574037,48.33701451,12,Pré-validée,0,Continue
A2360030,A236003001,Q,2026-05-04T06:20:03Z,2026-06-03T05:00:00Z,31,2026-05-21T13:30:00Z,15000.0,10,Expertisée,20,Bonne,7.546574037,48.33701451,12,Pré-validée,0,Continue
A2360030,A236003001,Q,2026-05-04T06:20:03Z,2026-06-03T05:00:00Z,31,2026-05-21T12:00:00Z,15000.0,10,Expertisée,20,Bonne,7.546574037,48.33701451,12,Pré-validée,0,Continue
A2360030,A236003001,Q,2026-05-04T06:20:03Z,2026-06-03T05:00:00Z,31,2026-05-21T10:50:00Z,15100.0,10,Expertisée,20,Bonne,7.546574037,48.33701451,12,Pré-validée,0,Continue
A2360030,A236003001,Q,2026-05-04T06:20:03Z,2026-06-03T05:00:00Z,31,2026-05-21T09:30:00Z,15500.0,10,Expertisée,20,Bonne,7.546574037,48.33701451,12,Pré-validée,0,Continue
A2360030,A236003001,Q,2026-05-04T06:20:03Z,2026-06-03T05:00:00Z,31,2026-05-21T08:50:00Z,15200.0,10,Expertisée,20,Bonne,7.546574037,48.33701451,12,Pré-validée,0,Continue
A2360030,A236003001,Q,2026-05-04T06:20:03Z,2026-06-03T05:00:00Z,31,2026-05-21T08:20:00Z,15400.0,10,Expertisée,20,Bonne,7.546574037,48.33701451,12,Pré-validée,0,Continue
A2360030,A236003001,Q,2026-05-04T06:20:03Z,2026-06-03T05:00:00Z,31,2026-05-21T06:00:00Z,15400.0,10,Expertisée,20,Bonne,7.546574037,48.33701451,12,Pré-validée,0,Continue
A2360030,A236003001,Q,2026-05-04T06:20:03Z,2026-06-03T05:00:00Z,31,2026-05-21T00:10:00Z,14800.0,10,Expertisée,20,Bonne,7.546574037,48.33701451,12,Pré-validée,0,Continue
A2360030,A236003001,Q,2026-05-04T06:20:03Z,2026-06-03T05:00:00Z,31,2026-05-20T22:40:00Z,15200.0,10,Expertisée,20,Bonne,7.546574037,48.33701451,12,Pré-validée,0,Continue
A2360030,A236003001,Q,2026-05-04T06:20:03Z,2026-06-03T05:00:00Z,31,2026-05-20T20:50:00Z,15300.0,10,Expertisée,20,Bonne,7.546574037,48.33701451,12,Pré-validée,0,Continue
A2360030,A236003001,Q,2026-05-04T06:20:03Z,2026-06-03T05:00:00Z,31,2026-05-20T14:40:00Z,15200.0,10,Expertisée,20,Bonne,7.546574037,48.33701451,12,Pré-validée,0,Continue
A2360030,A236003001,Q,2026-05-04T06:20:03Z,2026-06-03T05:00:00Z,31,2026-05-20T13:00:00Z,15400.0,10,Expertisée,20,Bonne,7.546574037,48.33701451,12,Pré-validée,0,Continue
A2360030,A236003001,Q,2026-05-04T06:20:03Z,2026-06-03T05:00:00Z,31,2026-05-20T12:10:00Z,15800.0,10,Expertisée,20,Bonne,7.546574037,48.33701451,12,Pré-validée,0,Continue
A2360030,A236003001,Q,2026-05-04T06:20:03Z,2026-06-03T05:00:00Z,31,2026-05-20T11:10:00Z,15800.0,10,Expertisée,20,Bonne,7.546574037,48.33701451,12,Pré-validée,0,Continue
A2360030,A236003001,Q,2026-05-04T06:20:03Z,2026-06-03T05:00:00Z,31,2026-05-20T05:20:00Z,15500.0,10,Expertisée,20,Bonne,7.546574037,48.33701451,12,Pré-validée,0,Continue
